# Stop server
# Restart server.
# Restart server.
CREATE TABLE t1(c1 INT PRIMARY KEY) ENGINE=InnoDB;
BEGIN;
INSERT INTO t1 VALUES(1), (2), (3), (4);
SET SESSION debug="+d,crash_commit_before";
COMMIT;
ERROR HY000: Lost connection to MySQL server during query
SELECT COUNT(*) IN (0,4) yes FROM t1;
yes
1
SELECT COUNT(*) IN (0,4) yes FROM t1;
yes
1
SELECT COUNT(*) IN (0,4) yes FROM t1;
yes
1
DROP TABLE t1;
