SET NAMES utf8;
CREATE TABLE t1 (c1 INT PRIMARY KEY, c2 INT DEFAULT 1, INDEX(c2))
ENGINE=InnoDB;
INSERT INTO t1 SET c1=1;
CREATE TABLE sys_tables SELECT * FROM INFORMATION_SCHEMA.INNODB_SYS_TABLES
WHERE NAME LIKE 'test/t%';
CREATE TABLE sys_indexes SELECT i.* FROM INFORMATION_SCHEMA.INNODB_SYS_INDEXES i
INNER JOIN sys_tables st ON i.TABLE_ID=st.TABLE_ID;
CREATE TABLE t1p LIKE t1;
CREATE TABLE t1c (c1 INT PRIMARY KEY, c2 INT, c3 INT, INDEX(c2), INDEX(c3),
CONSTRAINT t1c2 FOREIGN KEY (c2) REFERENCES t1(c2),
CONSTRAINT t1c3 FOREIGN KEY (c3) REFERENCES t1p(c2))
ENGINE=InnoDB;
CREATE TABLE sys_foreign SELECT i.*
FROM INFORMATION_SCHEMA.INNODB_SYS_FOREIGN i
WHERE FOR_NAME LIKE 'test/t%';
SELECT i.* FROM INFORMATION_SCHEMA.INNODB_SYS_FOREIGN_COLS i
INNER JOIN sys_foreign sf ON i.ID = sf.ID;
ID	FOR_COL_NAME	REF_COL_NAME	POS
test/t1c2	c2	c2	0
test/t1c3	c3	c2	0
SELECT i.NAME,i.POS,i.MTYPE,i.PRTYPE,i.LEN
FROM INFORMATION_SCHEMA.INNODB_SYS_COLUMNS i
INNER JOIN sys_tables st ON i.TABLE_ID=st.TABLE_ID;
NAME	POS	MTYPE	PRTYPE	LEN
c1	0	6	1283	4
c2	1	6	1027	4
SELECT si.NAME,i.POS,i.NAME FROM INFORMATION_SCHEMA.INNODB_SYS_FIELDS i
INNER JOIN sys_indexes si ON i.INDEX_ID=si.INDEX_ID;
NAME	POS	NAME
PRIMARY	0	c1
c2	0	c2
SELECT i.* FROM INFORMATION_SCHEMA.INNODB_SYS_FOREIGN_COLS i
INNER JOIN sys_foreign sf ON i.ID = sf.ID;
ID	FOR_COL_NAME	REF_COL_NAME	POS
test/t1c2	c2	c2	0
test/t1c3	c3	c2	0
SHOW CREATE TABLE t1;
Table	Create Table
t1	CREATE TABLE `t1` (
  `c1` int(11) NOT NULL,
  `c2` int(11) DEFAULT '1',
  PRIMARY KEY (`c1`),
  KEY `c2` (`c2`)
) ENGINE=InnoDB DEFAULT CHARSET=latin1
ALTER TABLE t1 ALTER c2 DROP DEFAULT;
SHOW CREATE TABLE t1;
Table	Create Table
t1	CREATE TABLE `t1` (
  `c1` int(11) NOT NULL,
  `c2` int(11),
  PRIMARY KEY (`c1`),
  KEY `c2` (`c2`)
) ENGINE=InnoDB DEFAULT CHARSET=latin1
SELECT i.NAME,i.POS,i.MTYPE,i.PRTYPE,i.LEN
FROM INFORMATION_SCHEMA.INNODB_SYS_COLUMNS i
INNER JOIN sys_tables st ON i.TABLE_ID=st.TABLE_ID;
NAME	POS	MTYPE	PRTYPE	LEN
c1	0	6	1283	4
c2	1	6	1027	4
SELECT si.NAME,i.POS,i.NAME FROM INFORMATION_SCHEMA.INNODB_SYS_FIELDS i
INNER JOIN sys_indexes si ON i.INDEX_ID=si.INDEX_ID;
NAME	POS	NAME
PRIMARY	0	c1
c2	0	c2
SELECT i.* FROM INFORMATION_SCHEMA.INNODB_SYS_FOREIGN_COLS i
INNER JOIN sys_foreign sf ON i.ID = sf.ID;
ID	FOR_COL_NAME	REF_COL_NAME	POS
test/t1c2	c2	c2	0
test/t1c3	c3	c2	0
ALTER TABLE t1 CHANGE c2 c2 INT AFTER c1;
ALTER TABLE t1 CHANGE c1 c1 INT FIRST;
SELECT i.NAME,i.POS,i.MTYPE,i.PRTYPE,i.LEN
FROM INFORMATION_SCHEMA.INNODB_SYS_COLUMNS i
INNER JOIN sys_tables st ON i.TABLE_ID=st.TABLE_ID;
NAME	POS	MTYPE	PRTYPE	LEN
c1	0	6	1283	4
c2	1	6	1027	4
SELECT si.NAME,i.POS,i.NAME FROM INFORMATION_SCHEMA.INNODB_SYS_FIELDS i
INNER JOIN sys_indexes si ON i.INDEX_ID=si.INDEX_ID;
NAME	POS	NAME
PRIMARY	0	c1
c2	0	c2
SELECT i.* FROM INFORMATION_SCHEMA.INNODB_SYS_FOREIGN_COLS i
INNER JOIN sys_foreign sf ON i.ID = sf.ID;
ID	FOR_COL_NAME	REF_COL_NAME	POS
test/t1c2	c2	c2	0
test/t1c3	c3	c2	0
ALTER TABLE t1 CHANGE C2 c3 INT;
SELECT i.NAME,i.POS,i.MTYPE,i.PRTYPE,i.LEN
FROM INFORMATION_SCHEMA.INNODB_SYS_COLUMNS i
INNER JOIN sys_tables st ON i.TABLE_ID=st.TABLE_ID;
NAME	POS	MTYPE	PRTYPE	LEN
c1	0	6	1283	4
c3	1	6	1027	4
SELECT si.NAME,i.POS,i.NAME FROM INFORMATION_SCHEMA.INNODB_SYS_FIELDS i
INNER JOIN sys_indexes si ON i.INDEX_ID=si.INDEX_ID;
NAME	POS	NAME
PRIMARY	0	c1
c2	0	c3
SELECT i.* FROM INFORMATION_SCHEMA.INNODB_SYS_FOREIGN_COLS i
INNER JOIN sys_foreign sf ON i.ID = sf.ID;
ID	FOR_COL_NAME	REF_COL_NAME	POS
test/t1c2	c2	c3	0
test/t1c3	c3	c2	0
ALTER TABLE t1 CHANGE c3 C INT;
SELECT i.NAME,i.POS,i.MTYPE,i.PRTYPE,i.LEN
FROM INFORMATION_SCHEMA.INNODB_SYS_COLUMNS i
INNER JOIN sys_tables st ON i.TABLE_ID=st.TABLE_ID;
NAME	POS	MTYPE	PRTYPE	LEN
c1	0	6	1283	4
C	1	6	1027	4
SELECT si.NAME,i.POS,i.NAME FROM INFORMATION_SCHEMA.INNODB_SYS_FIELDS i
INNER JOIN sys_indexes si ON i.INDEX_ID=si.INDEX_ID;
NAME	POS	NAME
PRIMARY	0	c1
c2	0	C
SELECT i.* FROM INFORMATION_SCHEMA.INNODB_SYS_FOREIGN_COLS i
INNER JOIN sys_foreign sf ON i.ID = sf.ID;
ID	FOR_COL_NAME	REF_COL_NAME	POS
test/t1c2	c2	C	0
test/t1c3	c3	c2	0
ALTER TABLE t1 CHANGE C Cöŀumň_TWO INT;
SELECT i.* FROM INFORMATION_SCHEMA.INNODB_SYS_FOREIGN_COLS i
INNER JOIN sys_foreign sf ON i.ID = sf.ID;
ID	FOR_COL_NAME	REF_COL_NAME	POS
test/t1c2	c2	Cöŀumň_TWO	0
test/t1c3	c3	c2	0
SELECT i.NAME,i.POS,i.MTYPE,i.PRTYPE,i.LEN
FROM INFORMATION_SCHEMA.INNODB_SYS_COLUMNS i
INNER JOIN sys_tables st ON i.TABLE_ID=st.TABLE_ID;
NAME	POS	MTYPE	PRTYPE	LEN
c1	0	6	1283	4
Cöŀumň_TWO	1	6	1027	4
SELECT si.NAME,i.POS,i.NAME FROM INFORMATION_SCHEMA.INNODB_SYS_FIELDS i
INNER JOIN sys_indexes si ON i.INDEX_ID=si.INDEX_ID;
NAME	POS	NAME
PRIMARY	0	c1
c2	0	Cöŀumň_TWO
SELECT i.* FROM INFORMATION_SCHEMA.INNODB_SYS_FOREIGN_COLS i
INNER JOIN sys_foreign sf ON i.ID = sf.ID;
ID	FOR_COL_NAME	REF_COL_NAME	POS
test/t1c2	c2	Cöŀumň_TWO	0
test/t1c3	c3	c2	0
ALTER TABLE t1 CHANGE cöĿǖmň_two c3 INT;
ERROR 42S22: Unknown column 'cöĿǖmň_two' in 't1'
ALTER TABLE t1 CHANGE cÖĿUMŇ_two c3 INT, RENAME TO t3;
SELECT st.NAME, i.NAME
FROM sys_tables st INNER JOIN INFORMATION_SCHEMA.INNODB_SYS_TABLES i
ON i.TABLE_ID=st.TABLE_ID;
NAME	NAME
test/t1	test/t3
SHOW CREATE TABLE t3;
Table	Create Table
t3	CREATE TABLE `t3` (
  `c1` int(11) NOT NULL DEFAULT '0',
  `c3` int(11) DEFAULT NULL,
  PRIMARY KEY (`c1`),
  KEY `c2` (`c3`)
) ENGINE=InnoDB DEFAULT CHARSET=latin1
SHOW CREATE TABLE t1c;
Table	Create Table
t1c	CREATE TABLE `t1c` (
  `c1` int(11) NOT NULL,
  `c2` int(11) DEFAULT NULL,
  `c3` int(11) DEFAULT NULL,
  PRIMARY KEY (`c1`),
  KEY `c2` (`c2`),
  KEY `c3` (`c3`),
  CONSTRAINT `t1c2` FOREIGN KEY (`c2`) REFERENCES `t3` (`c3`),
  CONSTRAINT `t1c3` FOREIGN KEY (`c3`) REFERENCES `t1p` (`c2`)
) ENGINE=InnoDB DEFAULT CHARSET=latin1
ALTER TABLE t3 RENAME TO t2;
SELECT st.NAME, i.NAME
FROM sys_tables st INNER JOIN INFORMATION_SCHEMA.INNODB_SYS_TABLES i
ON i.TABLE_ID=st.TABLE_ID;
NAME	NAME
test/t1	test/t2
SHOW CREATE TABLE t2;
Table	Create Table
t2	CREATE TABLE `t2` (
  `c1` int(11) NOT NULL DEFAULT '0',
  `c3` int(11) DEFAULT NULL,
  PRIMARY KEY (`c1`),
  KEY `c2` (`c3`)
) ENGINE=InnoDB DEFAULT CHARSET=latin1
RENAME TABLE t2 TO t1;
SELECT st.NAME, i.NAME
FROM sys_tables st INNER JOIN INFORMATION_SCHEMA.INNODB_SYS_TABLES i
ON i.TABLE_ID=st.TABLE_ID;
NAME	NAME
test/t1	test/t1
SELECT i.NAME,i.POS,i.MTYPE,i.PRTYPE,i.LEN
FROM INFORMATION_SCHEMA.INNODB_SYS_COLUMNS i
INNER JOIN sys_tables st ON i.TABLE_ID=st.TABLE_ID;
NAME	POS	MTYPE	PRTYPE	LEN
c1	0	6	1283	4
c3	1	6	1027	4
SELECT si.NAME,i.POS,i.NAME FROM INFORMATION_SCHEMA.INNODB_SYS_FIELDS i
INNER JOIN sys_indexes si ON i.INDEX_ID=si.INDEX_ID;
NAME	POS	NAME
PRIMARY	0	c1
c2	0	c3
SELECT i.* FROM INFORMATION_SCHEMA.INNODB_SYS_FOREIGN_COLS i
INNER JOIN sys_foreign sf ON i.ID = sf.ID;
ID	FOR_COL_NAME	REF_COL_NAME	POS
test/t1c2	c2	c3	0
test/t1c3	c3	c2	0
ALTER TABLE t1 DROP INDEX c2;
ERROR HY000: Cannot drop index 'c2': needed in a foreign key constraint
ALTER TABLE t1 DROP INDEX c4;
ERROR 42000: Can't DROP 'c4'; check that column/key exists
ALTER TABLE t1c DROP FOREIGN KEY c2;
ERROR 42000: Can't DROP 'c2'; check that column/key exists
ALTER TABLE t1c DROP FOREIGN KEY t1c2, DROP FOREIGN KEY c2;
ERROR 42000: Can't DROP 'c2'; check that column/key exists
ALTER TABLE t1c DROP FOREIGN KEY t1c2, DROP FOREIGN KEY c2, DROP INDEX c2;
ERROR 42000: Can't DROP 'c2'; check that column/key exists
ALTER TABLE t1c DROP INDEX c2;
ERROR HY000: Cannot drop index 'c2': needed in a foreign key constraint
ALTER TABLE t1c DROP FOREIGN KEY ẗ1C2;
ERROR 42000: Can't DROP 'ẗ1C2'; check that column/key exists
SHOW CREATE TABLE t1c;
Table	Create Table
t1c	CREATE TABLE `t1c` (
  `c1` int(11) NOT NULL,
  `c2` int(11) DEFAULT NULL,
  `c3` int(11) DEFAULT NULL,
  PRIMARY KEY (`c1`),
  KEY `c2` (`c2`),
  KEY `c3` (`c3`),
  CONSTRAINT `t1c2` FOREIGN KEY (`c2`) REFERENCES `t1` (`c3`),
  CONSTRAINT `t1c3` FOREIGN KEY (`c3`) REFERENCES `t1p` (`c2`)
) ENGINE=InnoDB DEFAULT CHARSET=latin1
SET foreign_key_checks=0;
DROP TABLE t1p;
SET foreign_key_checks=1;
SHOW CREATE TABLE t1c;
Table	Create Table
t1c	CREATE TABLE `t1c` (
  `c1` int(11) NOT NULL,
  `c2` int(11) DEFAULT NULL,
  `c3` int(11) DEFAULT NULL,
  PRIMARY KEY (`c1`),
  KEY `c2` (`c2`),
  KEY `c3` (`c3`),
  CONSTRAINT `t1c2` FOREIGN KEY (`c2`) REFERENCES `t1` (`c3`),
  CONSTRAINT `t1c3` FOREIGN KEY (`c3`) REFERENCES `t1p` (`c2`)
) ENGINE=InnoDB DEFAULT CHARSET=latin1
SELECT i.NAME,i.POS,i.MTYPE,i.PRTYPE,i.LEN
FROM INFORMATION_SCHEMA.INNODB_SYS_COLUMNS i
INNER JOIN sys_tables st ON i.TABLE_ID=st.TABLE_ID;
NAME	POS	MTYPE	PRTYPE	LEN
c1	0	6	1283	4
c3	1	6	1027	4
SELECT si.NAME,i.POS,i.NAME FROM INFORMATION_SCHEMA.INNODB_SYS_FIELDS i
INNER JOIN sys_indexes si ON i.INDEX_ID=si.INDEX_ID;
NAME	POS	NAME
PRIMARY	0	c1
c2	0	c3
SELECT i.* FROM INFORMATION_SCHEMA.INNODB_SYS_FOREIGN_COLS i
INNER JOIN sys_foreign sf ON i.ID = sf.ID;
ID	FOR_COL_NAME	REF_COL_NAME	POS
test/t1c2	c2	c3	0
test/t1c3	c3	c2	0
CREATE TABLE t1p (c1 INT PRIMARY KEY, c2 INT, INDEX(c2)) ENGINE=InnoDB;
ALTER TABLE t1c DROP INDEX C2, DROP INDEX C3;
ERROR HY000: Cannot drop index 'c2': needed in a foreign key constraint
ALTER TABLE t1c DROP INDEX C3;
ERROR HY000: Cannot drop index 'c3': needed in a foreign key constraint
SET foreign_key_checks=0;
ALTER TABLE t1c DROP INDEX C3;
SET foreign_key_checks=1;
SHOW CREATE TABLE t1c;
Table	Create Table
t1c	CREATE TABLE `t1c` (
  `c1` int(11) NOT NULL,
  `c2` int(11) DEFAULT NULL,
  `c3` int(11) DEFAULT NULL,
  PRIMARY KEY (`c1`),
  KEY `c2` (`c2`),
  CONSTRAINT `t1c2` FOREIGN KEY (`c2`) REFERENCES `t1` (`c3`),
  CONSTRAINT `t1c3` FOREIGN KEY (`c3`) REFERENCES `t1p` (`c2`)
) ENGINE=InnoDB DEFAULT CHARSET=latin1
SELECT i.NAME,i.POS,i.MTYPE,i.PRTYPE,i.LEN
FROM INFORMATION_SCHEMA.INNODB_SYS_COLUMNS i
INNER JOIN sys_tables st ON i.TABLE_ID=st.TABLE_ID;
NAME	POS	MTYPE	PRTYPE	LEN
c1	0	6	1283	4
c3	1	6	1027	4
SELECT si.NAME,i.POS,i.NAME FROM INFORMATION_SCHEMA.INNODB_SYS_FIELDS i
INNER JOIN sys_indexes si ON i.INDEX_ID=si.INDEX_ID;
NAME	POS	NAME
PRIMARY	0	c1
c2	0	c3
SELECT i.* FROM INFORMATION_SCHEMA.INNODB_SYS_FOREIGN_COLS i
INNER JOIN sys_foreign sf ON i.ID = sf.ID;
ID	FOR_COL_NAME	REF_COL_NAME	POS
test/t1c2	c2	c3	0
test/t1c3	c3	c2	0
ALTER TABLE t1c DROP FOREIGN KEY t1C3;
SHOW CREATE TABLE t1c;
Table	Create Table
t1c	CREATE TABLE `t1c` (
  `c1` int(11) NOT NULL,
  `c2` int(11) DEFAULT NULL,
  `c3` int(11) DEFAULT NULL,
  PRIMARY KEY (`c1`),
  KEY `c2` (`c2`),
  CONSTRAINT `t1c2` FOREIGN KEY (`c2`) REFERENCES `t1` (`c3`)
) ENGINE=InnoDB DEFAULT CHARSET=latin1
SELECT i.NAME,i.POS,i.MTYPE,i.PRTYPE,i.LEN
FROM INFORMATION_SCHEMA.INNODB_SYS_COLUMNS i
INNER JOIN sys_tables st ON i.TABLE_ID=st.TABLE_ID;
NAME	POS	MTYPE	PRTYPE	LEN
c1	0	6	1283	4
c3	1	6	1027	4
SELECT si.NAME,i.POS,i.NAME FROM INFORMATION_SCHEMA.INNODB_SYS_FIELDS i
INNER JOIN sys_indexes si ON i.INDEX_ID=si.INDEX_ID;
NAME	POS	NAME
PRIMARY	0	c1
c2	0	c3
SELECT i.* FROM INFORMATION_SCHEMA.INNODB_SYS_FOREIGN_COLS i
INNER JOIN sys_foreign sf ON i.ID = sf.ID;
ID	FOR_COL_NAME	REF_COL_NAME	POS
test/t1c2	c2	c3	0
ALTER TABLE t1c DROP INDEX c2, DROP FOREIGN KEY t1C2;
SHOW CREATE TABLE t1c;
Table	Create Table
t1c	CREATE TABLE `t1c` (
  `c1` int(11) NOT NULL,
  `c2` int(11) DEFAULT NULL,
  `c3` int(11) DEFAULT NULL,
  PRIMARY KEY (`c1`)
) ENGINE=InnoDB DEFAULT CHARSET=latin1
SELECT i.NAME,i.POS,i.MTYPE,i.PRTYPE,i.LEN
FROM INFORMATION_SCHEMA.INNODB_SYS_COLUMNS i
INNER JOIN sys_tables st ON i.TABLE_ID=st.TABLE_ID;
NAME	POS	MTYPE	PRTYPE	LEN
c1	0	6	1283	4
c3	1	6	1027	4
SELECT si.NAME,i.POS,i.NAME FROM INFORMATION_SCHEMA.INNODB_SYS_FIELDS i
INNER JOIN sys_indexes si ON i.INDEX_ID=si.INDEX_ID;
NAME	POS	NAME
PRIMARY	0	c1
c2	0	c3
SELECT i.* FROM INFORMATION_SCHEMA.INNODB_SYS_FOREIGN_COLS i
INNER JOIN sys_foreign sf ON i.ID = sf.ID;
ID	FOR_COL_NAME	REF_COL_NAME	POS
ALTER TABLE t1 DROP INDEX c2;
SELECT i.NAME,i.POS,i.MTYPE,i.PRTYPE,i.LEN
FROM INFORMATION_SCHEMA.INNODB_SYS_COLUMNS i
INNER JOIN sys_tables st ON i.TABLE_ID=st.TABLE_ID;
NAME	POS	MTYPE	PRTYPE	LEN
c1	0	6	1283	4
c3	1	6	1027	4
SELECT si.NAME,i.POS,i.NAME FROM INFORMATION_SCHEMA.INNODB_SYS_FIELDS i
INNER JOIN sys_indexes si ON i.INDEX_ID=si.INDEX_ID;
NAME	POS	NAME
PRIMARY	0	c1
SELECT i.* FROM INFORMATION_SCHEMA.INNODB_SYS_FOREIGN_COLS i
INNER JOIN sys_foreign sf ON i.ID = sf.ID;
ID	FOR_COL_NAME	REF_COL_NAME	POS
DROP TABLE t1c, t1, t1p, sys_tables, sys_indexes, sys_foreign;
